Rank,Population_Density,Zip,Population
1,146955.3,10028,46169
2,132677.4,10128,62447
3,132095.7,10075,24377
4,129548.9,10025,97373
5,123875.9,10023,60762
6,120133.3,10040,45278
7,115461.7,10026,38372
8,110137.5,10162,1252
9,108864.6,10021,42142
10,105863.1,10030,29530
11,102965.2,10005,7570
12,100237,10009,61806
13,100108.6,10033,60520
14,98998.8,10003,57068
15,94363.1,10029,77857
16,94164.6,10016,50112
17,90849.3,10002,79894
18,90523.6,10031,58912
19,90074.7,10456,91737
20,89842.8,10032,59069
21,86656,11109,4337
22,85787.3,10453,79002
23,85703.2,11372,63202
24,82215.9,10065,31761
25,80408.9,10011,52941
26,78604.4,10010,30708
27,76855.1,10012,24846
28,76427.7,10452,75252
29,76237.1,11226,98299
30,75597.1,10458,76276
31,72357.3,10027,63057
32,70556.6,10038,20997
33,69066.6,10024,59249
34,68340.7,10037,18041
35,68090,11104,26555
36,68058.9,10022,29699
37,67476.6,10282,5903
38,67444.4,11225,59613
39,66913.8,10457,71015
40,66609.4,11219,98719
41,66519.9,10468,72683
42,66309,10472,69659
43,65936.5,11373,100713
44,63671.9,10280,8817
45,60559.1,11221,83773
46,59083.4,10459,48269
47,58197.9,11216,54440
48,57987.2,11206,83180
49,57520.9,11213,62756
50,57057.9,11212,87751
51,56986.1,10019,38752
52,56785.4,11220,101715
53,56097.4,10455,39951
54,56042.6,10039,25952
55,55901.7,10014,31835
56,55400.8,11237,55258
57,54427.5,10036,24127
58,53801.6,11103,38257
59,53018.6,10069,5523
60,52602.7,11218,75132
61,51663.6,11233,69637
62,51271.5,10462,76114
63,51150.5,11217,38567
64,50847,10017,16278
65,50567.5,11204,80349
66,49860.2,10044,12050
67,48772.7,10013,26937
68,48298.2,11355,83799
69,47323,11230,87064
70,47063.6,10451,47818
71,46994.1,11238,51959
72,45618.8,11205,43320
73,45091.8,10463,71238
74,44728.9,11374,41792
75,44604.3,10460,58676
76,44344,11106,38633
77,43215,11102,35027
78,42831.5,11419,48370
79,42589.3,10467,99251
80,41367.1,11368,110385
81,41282.4,10007,6748
82,40852.4,11210,67042
83,40359.9,11214,88297
84,39908,11211,94681
85,39701.2,13024,1649
86,39596.1,11201,56488
87,39018,11416,25973
88,37885.9,10034,42672
89,37337.7,11369,39862
90,37176.2,10454,38751
91,36953.7,11223,76651
92,36715.2,11229,81351
93,36638.7,10001,22767
94,35998.7,11435,54523
95,35892.5,11203,77011
96,35171,11375,69652
97,34994.6,11207,93465
98,34924.5,11377,88939
99,34477.3,10466,69657
100,33569.8,11209,72582
101,33477.1,11415,19020
102,33185.4,11421,42745
103,32301.3,11549,2337
104,32132,10006,2950
105,31902.9,11215,70156
106,31333.9,11228,46059
107,31000.3,11235,75622
108,29168,10469,72241
109,29032.7,11432,62395
110,28199.3,11417,31556
111,27472.6,11385,100132
112,27434.5,10473,59948
113,27032.2,11224,42698
114,26919.9,11236,97714
115,26694.6,11208,92262
116,25657.8,11354,56433
117,25497.3,11370,36271
118,25054.8,10018,8062
119,24895.7,10035,34760
120,24574.3,11428,20461
121,24496.2,10475,44582
122,24438.2,11433,37927
123,24139.5,11420,50162
124,23800,11231,34605
125,23620.5,11436,18609
126,22943.8,11232,29452
127,22891.5,11412,37690
128,22718.1,11423,32053
129,22559.5,11105,36816
130,22504.5,11418,36751
131,22228.3,11239,12943
132,21850.8,10461,52435
133,21824.8,11691,62577
134,21534.9,11222,34580
135,21141,11429,27506
136,19743,11434,65255
137,19305.3,11358,37634
138,18716.3,10550,37421
139,18198.3,10601,11524
140,17807.3,10705,39817
141,17550.6,14627,2703
142,17220.9,11379,35725
143,17155.7,11365,43138
144,17077.7,11361,30352
145,16821.4,11692,17970
146,16406,11411,19177
147,16209.8,11367,41582
148,15915.9,11422,32589
149,15742.2,11694,21507
150,15145.9,11356,23800
151,15106.6,10302,18043
152,15069.7,10308,29805
153,14883,11427,23460
154,14782.4,11004,14045
155,14510.9,10553,10032
156,14486.2,11357,40588
157,14342.2,11426,19348
158,14153.3,11364,34902
159,14115.9,10701,59628
160,13974.8,11360,19916
161,13767.7,10310,24719
162,13517.1,10465,46360
163,13416.8,11550,57224
164,13307.1,11413,41689
165,12240.3,10552,20339
166,12105.7,11001,27156
167,12045.1,11414,28742
168,12022.9,10801,41265
169,12011.8,11794,3317
170,12009.8,11366,13146
171,11859.2,10703,20894
172,11823.2,14201,12872
173,11820.8,11378,30854
174,11635.1,11005,2123
175,11571.8,10503,172
176,11511.2,14853,2883
177,11447.6,10606,17293
178,11415.9,11234,95610
179,11370.4,11693,11338
180,11305.5,14222,14519
181,11108,10704,31198
182,10890.2,12222,5966
183,10819.6,10805,18898
184,10783.5,10304,41864
185,10740.7,10301,39367
186,10732.7,11003,44907
187,10586.9,11580,41525
188,10548.5,11010,25054
189,10433.3,10470,14880
190,10426.8,14619,15237
191,10138.9,12210,9147
192,9880.3,14213,23468
193,9698,10305,41471
194,9694.6,12307,6951
195,9670.3,13203,16437
196,9598.3,14607,16159
197,9589.2,11563,22984
198,9406.9,14209,8597
199,9347.4,11501,19155
200,9310.6,11575,16674
201,9268.2,11101,25317
202,8807.1,11561,37599
203,8778.8,11363,7625
204,8667.7,13902,6172
205,8601.3,11516,7513
206,8479.3,11040,40799
207,8459.8,10471,21935
208,8169.2,14621,34576
209,8104.3,10707,10525
210,8086.2,14215,39786
211,7987.6,11596,10638
212,7972.4,10474,12223
213,7913,11520,43632
214,7910.3,14208,10918
215,7901.1,11565,8820
216,7872.4,14216,22203
217,7812.7,10312,61105
218,7754.2,14301,12965
219,7735.1,11726,21102
220,7691.5,10303,24348
221,7632.3,11756,42321
222,7621.6,10307,15006
223,7552.5,11553,26506
224,7504.4,14605,13737
225,7413.3,11570,27896
226,7398.2,12206,15757
227,7348.7,11762,23053
228,7337.1,11021,17478
229,7305.4,10708,22497
230,7287.3,10306,54888
231,7209.6,11581,20956
232,7133.4,14217,22911
233,6994.5,11362,17897
234,6954.6,11510,33430
235,6929.1,10573,38656
236,6910.6,14214,19743
237,6861.3,11590,45972
238,6762,11518,10065
239,6755.8,14608,12377
240,6695.1,12604,660
241,6690.4,11507,7224
242,6672.1,14223,22901
243,6568.3,12308,15187
244,6556.5,14613,12212
245,6448.4,10709,9347
246,6363.1,11710,35151
247,6349.8,14220,24525
248,6320.4,11757,44923
249,6234.4,11552,22949
250,6108.1,11598,12927
251,6107.4,13210,27905
252,6095.5,10314,87524
253,6093.9,14611,17773
254,5985.9,11801,39805
255,5980.9,11554,37513
256,5935.6,14207,23285
257,5916.8,11783,21170
258,5883.7,10927,12060
259,5793.9,11514,5197
260,5759.3,13202,5745
261,5754.4,14212,10974
262,5701.4,10803,12523
263,5657.8,10710,27388
264,5616.7,14620,25689
265,5591.7,10119,92
266,5584,11023,9955
267,5524.4,12209,11844
268,5513.4,11572,28901
269,5465.6,14609,44103
270,5456,10977,60650
271,5446.4,13205,18788
272,5443.8,10603,17924
273,5441.6,11717,59449
274,5402.4,10004,3024
275,5391.3,11714,23313
276,5388.1,13208,22490
277,5274.4,11566,33791
278,5183.9,10566,23875
279,5169.8,11701,27423
280,5160.2,14211,20885
281,5138.1,11703,16249
282,5099.1,11722,37181
283,5097.2,12208,21417
284,4957.9,14204,8905
285,4937.6,10309,33382
286,4922.9,11704,40685
287,4819.2,14616,28638
288,4811.8,11758,55900
289,4810.7,11784,26312
290,4753.2,11579,5336
291,4743.9,10543,20250
292,4739.6,14261,5680
293,4689.5,11803,28445
294,4650.6,11096,7884
295,4609.4,10538,16803
296,4547.5,10952,41619
297,4527.3,10522,11001
298,4495.6,13204,19984
299,4465.4,14206,21670
300,4372,11729,27409
301,4367.1,13501,38464
302,4347.6,10923,8705
303,4307.9,14604,1651
304,4282.6,10993,5069
305,4280.6,11558,8646
306,4256.3,13207,13352
307,4197.6,11577,12788
308,4172.4,11795,25536
309,4139.5,14210,13787
310,4134.2,14226,28593
311,4129.4,14445,7892
312,4095.2,14802,4260
313,4068.6,14614,1136
314,4051.4,13206,15997
315,4010.3,11542,27691
316,3991.9,12202,9066
317,3976.9,11950,16969
318,3951.2,11530,28155
319,3931,10968,2301
320,3828.5,11741,28651
321,3804,11755,12329
322,3728.2,10960,15637
323,3721.5,11776,25675
324,3650.5,11767,15259
325,3605.9,11706,65865
326,3603.4,11720,29374
327,3565.9,12801,14574
328,3471.6,10605,17671
329,3457.7,11731,28969
330,3438.9,10954,23678
331,3402,11557,7364
332,3348.6,11793,32710
333,3340.6,14778,1388
334,3335.1,11709,6724
335,3332.3,10804,14850
336,3322.9,10528,12720
337,3308.3,11738,17643
338,3295.5,11727,29987
339,3293.3,12304,22537
340,3289.8,11569,1284
341,3240.5,10530,12431
342,3220.7,11718,3117
343,3220.2,11798,15362
344,3186.2,10583,39510
345,3177.1,11751,14679
346,3172.9,12929,3778
347,3116.3,14610,13679
348,3109.7,12305,4923
349,3102.3,11735,32499
350,3076.8,13219,15318
351,3039.9,11020,6120
352,3018.2,10706,8734
353,3012.9,10607,6727
354,3005.7,11779,38733
355,2995,11753,11657
356,2970.5,14606,29076
357,2942.7,13224,8767
358,2935.9,11725,28646
359,2935.1,14202,3570
360,2920.8,11789,7659
361,2887.7,12085,507
362,2871.5,11746,68580
363,2812.3,14617,22776
364,2800.7,14168,111
365,2800.4,10983,5727
366,2799.8,14225,33228
367,2797.8,12183,2612
368,2792.2,14150,41908
369,2792.1,14043,24267
370,2762.1,13088,22012
371,2740,11796,4012
372,2732.8,10965,14878
373,2720.1,11772,45262
374,2713.3,13475,41
375,2697,12189,17675
376,2696.1,12203,30926
377,2682.1,11782,15045
378,2670.6,14615,15579
379,2651.8,14227,22950
380,2643.7,13116,3492
381,2643.6,11742,13229
382,2640,13495,2304
383,2628.3,10532,4906
384,2587.9,14904,15411
385,2579.6,13410,255
386,2566.1,11050,30583
387,2564.3,11740,9507
388,2555.1,11715,4335
389,2551.4,11576,12325
390,2545.6,11030,17295
391,2545.1,10502,5396
392,2544.8,11548,2328
393,2535.4,11790,18627
394,2502.5,11752,9351
395,2472.2,14303,6073
396,2460.1,14720,603
397,2439.9,13214,8938
398,2403.1,11732,3671
399,2396.1,10596,1629
400,2371.3,10523,8563
401,2350.6,14221,54109
402,2316.3,11787,36357
403,2303,10517,756
404,2294.5,11754,19201
405,2276.3,10591,23037
406,2242.9,13417,2925
407,2233.8,12601,42608
408,2221.6,11967,27115
409,2214.3,12417,762
410,2210.1,14218,18943
411,2197.8,14618,21367
412,2194.4,10562,31453
413,2175.2,14626,29735
414,2165.1,14905,9414
415,2162.2,14622,12042
416,2127.8,14112,85
417,2109.9,11763,29217
418,2100.4,12466,2180
419,2097.7,10996,6892
420,2090,14305,17249
421,2088.2,11705,7571
422,2074.2,10533,7484
423,2073.2,10594,5201
424,2061.2,14068,7131
425,1994.5,13090,30295
426,1988.2,13643,72
427,1979,11509,2232
428,1968.9,14224,40002
429,1965.7,10976,2266
430,1957.8,12047,20086
431,1954.8,13603,10727
432,1947.3,10580,17322
433,1941,12303,29906
434,1937.3,10984,3117
435,1920.8,13212,20348
436,1909.8,10570,12592
437,1902.4,11791,25213
438,1888.8,11024,7789
439,1884.3,11788,16167
440,1880.3,10956,31090
441,1871.1,12903,1086
442,1853.9,11713,9530
443,1836.9,11697,4078
444,1811.7,10989,10113
445,1804.9,11769,8716
446,1799,14302,25
447,1787.5,14514,6719
448,1749.2,14612,34668
449,1747.9,11547,797
450,1732.1,11804,5000
451,1724.2,12205,27395
452,1717.4,12309,29992
453,1716.9,12130,1025
454,1716.7,14109,813
455,1712.5,11951,13401
456,1685.8,10920,8682
457,1676.7,11797,8645
458,1671.8,11766,12718
459,1665.6,10537,1952
460,1653.9,12204,7277
461,1645.5,11721,6482
462,1639.8,11559,8402
463,1621,13062,303
464,1612.8,13103,575
465,1589,13352,293
466,1564.1,11934,7929
467,1558.7,11778,12747
468,1548.6,11739,1421
469,1542.3,10511,2349
470,1530.7,11702,14512
471,1530.3,12550,54903
472,1528.9,11749,3346
473,1528.4,14504,1739
474,1519,11730,14204
475,1503.8,11747,19793
476,1496.8,11743,43533
477,1482,14219,10912
478,1461.2,11777,9448
479,1447.8,13211,6819
480,1442.8,12110,21837
481,1431.5,12211,11503
482,1426.4,13321,1175
483,1413.1,10604,11397
484,1393.4,14585,69
485,1379.3,10979,201
486,1356.3,14228,21887
487,1349.1,12508,19742
488,1347.1,14120,44800
489,1336.4,14623,26003
490,1335.8,10913,5657
491,1333.3,12603,43411
492,1325,13461,3072
493,1313.1,10547,6913
494,1313.1,13319,1164
495,1307.9,10548,3214
496,1297.6,14722,430
497,1289.6,10950,48838
498,1289.3,14304,28605
499,1289,14450,41414
500,1282.7,10901,23195
501,1278.2,14624,35918
502,1276.2,14625,9990
503,1268.4,11716,11134
504,1262.9,12803,8093
505,1261.2,10464,4532
506,1252.6,11764,12969
507,1245.8,14441,444
508,1245.5,10595,8577
509,1244.8,10588,2518
510,1238.1,12207,1506
511,1230.8,12456,690
512,1229,14526,20609
513,1227.9,11953,12688
514,1227.2,14051,20133
515,1209.3,12471,672
516,1203.3,10505,785
517,1196.1,14756,164
518,1180.9,12084,4281
519,1177.2,12065,42249
520,1170.5,13157,718
521,1164.3,14788,245
522,1163.8,10915,168
523,1140.3,14580,50946
524,1122.8,14774,200
525,1121.2,14592,187
526,1120.8,10535,573
527,1107.4,12054,17139
528,1102.3,10589,9376
529,1101.4,11545,12653
530,1075.6,14588,259
531,1073.9,14075,42837
532,1072,10545,135
533,1068.2,10994,6931
534,1063,14539,225
535,1055.7,14827,95
536,1055.1,13677,240
537,1043.4,12182,14937
538,1041.8,13435,217
539,1038.1,14169,320
540,1037.4,12144,20244
541,1034.9,10510,10391
542,1028.8,11733,17065
543,1018.6,10546,1149
544,1016.7,13209,13047
545,1010,14586,11452
546,1009.7,10598,29699
547,1009.5,13905,27543
548,1004.4,12590,35148
549,997.3,10514,12915
550,993.6,14534,32399
551,993.1,10541,26355
552,992.7,12553,25395
553,979.9,14085,7167
554,976,11780,15099
555,973.9,12524,15984
556,969.7,12565,1450
557,957.4,14742,215
558,956.8,10507,7039
559,951.2,12180,53218
560,945.8,14026,712
561,942.7,14086,32159
562,934.6,11961,12041
563,934,13341,172
564,928.8,10577,6269
565,923.8,10962,5677
566,920.6,12177,596
567,919.3,11042,542
568,907.4,13628,211
569,902.1,11955,2780
570,898.3,13760,44585
571,894.1,10567,20197
572,890,14480,1166
573,886.7,14467,9784
574,880.4,11940,4982
575,879.1,11786,6550
576,871.3,12432,530
577,870.3,10520,13107
578,868.1,12449,3301
579,861.2,12527,134
580,845.3,12453,417
581,838.8,11946,13312
582,838.2,10992,9324
583,830.5,11560,6334
584,820.2,11768,21687
585,815.3,10549,16165
586,813.1,13413,16227
587,792.9,12188,11138
588,791.5,11970,466
589,789.3,13901,19006
590,785.7,13039,17759
591,776.4,13492,11710
592,775,10925,4300
593,773.6,13066,11809
594,765.9,10501,1073
595,765.1,12520,3042
596,753.6,13362,208
597,751.7,14126,685
598,745.1,11941,1929
599,744.7,13647,68
600,737.7,14752,185
601,736,14127,30329
602,735.4,10940,48512
603,731.1,10928,4029
604,731,14035,167
605,726.3,10933,797
606,725.9,14072,20580
607,715.7,12979,2433
608,714.9,12722,199
609,710.7,11792,8941
610,707.2,12150,842
611,703.6,11724,2853
612,701.8,12172,310
613,698.8,12574,352
614,693.7,10964,1711
615,689,10970,9716
616,659,14854,15
617,643.9,11771,9344
618,638.4,12302,27809
619,636.6,13163,342
620,636.3,10930,8938
621,631.1,13031,15345
622,618.3,12077,6481
623,611.1,14425,11415
624,610.6,13790,17858
625,598.7,10922,1406
626,598.3,13502,32415
627,589.8,13041,11023
628,589,12518,5889
629,588.2,12884,293
630,588.1,14092,11595
631,582.9,10926,3256
632,582.6,12306,25494
633,581.4,12401,34752
634,579,12198,7723
635,575.4,11944,4338
636,557.4,12159,7878
637,551.6,12504,1260
638,549.6,10980,13746
639,549.4,11719,3372
640,547.3,13051,129
641,535,11972,1295
642,529.5,14893,12
643,528.8,13138,21
644,527.4,13859,269
645,525.4,12533,25936
646,524.1,12866,37268
647,523,12538,13900
648,522.9,10917,1959
649,518.6,12027,3731
650,518.4,13057,14547
651,517.6,14850,65647
652,512.3,14031,9710
653,509.1,10921,4138
654,508.4,11901,30631
655,501.2,10590,7026
656,499.2,12586,12035
657,497,10509,19605
658,497,12411,475
659,496.5,12019,14893
660,484.8,14537,164
661,483.3,11948,1315
662,481.5,12061,9747
663,480.7,14048,14718
664,478.1,12804,26477
665,477.1,12008,480
666,476.2,14506,1374
667,475.2,11568,4240
668,474.2,13087,177
669,472.5,13134,39
670,471.4,10527,1156
671,467.6,12582,6165
672,467.3,13903,18735
673,466.6,14047,6596
674,460.5,14203,1751
675,458.3,13113,238
676,455.1,13102,27
677,454.3,14173,263
678,453.7,13027,31724
679,453.5,13215,15409
680,448.2,10526,1714
681,446.1,14901,17019
682,441.9,12118,14569
683,441.1,12472,1646
684,440.4,11977,2570
685,438.6,12933,12
686,434.1,14701,40232
687,433,10504,7885
688,430.1,11942,4092
689,429.7,10518,1505
690,428.7,14559,18336
691,428.3,13664,439
692,428.2,12901,32843
693,426.9,13838,4450
694,426.6,11963,6811
695,424.6,13850,22080
696,422.3,10512,25467
697,421.2,10173,2
698,421.2,10941,13572
699,421,12839,13784
700,420,11971,6376
701,419.5,12542,6088
702,414.6,13029,7506
703,414.2,14094,50605
704,413,13904,9626
705,411.8,11949,14340
706,408,12486,1461
707,405.1,12020,31729
708,403.4,13305,387
709,398.3,10919,1647
710,397,12771,14041
711,396.7,10165,2
712,393.9,13616,2184
713,391.3,14102,1494
714,388.3,12821,2178
715,388.2,14750,4309
716,385.4,10536,10725
717,379.4,11960,744
718,372.5,12045,325
719,371,13115,172
720,369.5,13440,42221
721,366.8,11980,4856
722,365.1,14059,9834
723,363.8,14006,9612
724,363.4,13602,3633
725,357.9,13162,637
726,357,11952,4518
727,356.8,12911,49
728,356,13357,11280
729,354.9,12196,3214
730,350.7,10918,11700
731,349.3,10199,9
732,347,12563,8106
733,345.9,12570,7533
734,343.9,13104,16266
735,342.4,14061,328
736,340.8,10924,13153
737,340.6,14564,14382
738,339.9,14420,20638
739,338.4,14032,7853
740,336.2,10578,589
741,335.6,13126,37190
742,335.2,12063,479
743,335.1,13421,14106
744,332.8,14020,23120
745,329.7,12482,729
746,329.6,10963,4219
747,326.8,11968,10718
748,326.6,13021,39326
749,326.5,14468,18271
750,325.5,13350,10080
751,324.3,12733,1666
752,324.1,12051,7030
753,323.2,10990,20029
754,321.1,14903,6805
755,319.9,10506,5303
756,316,12041,500
757,314.4,10597,1128
758,314.1,10974,3166
759,313.6,10103,3
760,312,12528,13066
761,310.4,10973,2646
762,310.1,13020,145
763,307.1,12589,18005
764,305.3,12561,18423
765,300.3,10988,947
766,298.1,12759,1910
767,297.3,12569,9990
768,297.3,12751,1154
769,296.9,14513,14001
770,295.1,13323,11238
771,289.9,13615,1114
772,288.5,12512,129
773,287.6,11935,3263
774,286.9,14063,14555
775,286,13748,3907
776,285.8,13692,78
777,285.2,14502,10698
778,284.8,12033,7886
779,284.4,13469,1163
780,283.6,14519,11594
781,283.5,11556,17
782,283.3,12477,18797
783,283.3,14760,18208
784,283.2,12549,11138
785,282.8,13030,3792
786,282.2,13784,132
787,280.7,13045,30009
788,280,12547,2947
789,279.9,13403,7579
790,275.1,14052,17072
791,272.2,14568,6465
792,272,12124,718
793,271.1,10579,9264
794,269.3,11765,745
795,267.3,13601,38348
796,265.2,14856,100
797,261.7,12143,5104
798,261.6,12148,4428
799,261.3,14845,20961
800,260.8,13078,10273
801,259.9,12754,6952
802,258.4,12831,17614
803,258.1,12089,140
804,255.4,12515,1284
805,254.6,14004,12284
806,254.1,14456,19865
807,253.2,12577,1526
808,251.2,12151,684
809,251,12543,3035
810,249.1,12872,76
811,246.9,14132,6933
812,246.6,13313,555
813,245.4,12086,1503
814,240,13732,8101
815,238.9,13424,2663
816,235.6,12779,2109
817,235.2,10519,181
818,233.6,11770,102
819,232.4,14464,7272
820,228.5,11937,15446
821,228.1,13069,25297
822,228,13164,2448
823,225.6,12721,5743
824,224.7,11978,2963
825,224.2,11956,298
826,222.9,14814,1984
827,222.4,12548,1352
828,221.8,12540,7634
829,221.2,13108,6460
830,220.5,10932,33
831,220.3,14881,271
832,220.1,12498,4800
833,219.7,14454,11124
834,218.4,12174,251
835,217.9,14529,85
836,217,14830,19679
837,216.8,12010,28926
838,215.6,10916,4374
839,215.5,14479,319
840,214.9,14130,234
841,214.8,12158,6775
842,214.5,12078,24072
843,213.5,10560,4742
844,212.5,12069,147
845,212.4,11947,138
846,211.2,13135,6990
847,211.1,13820,22746
848,211,14424,26862
849,210.9,11933,6358
850,210.3,12460,434
851,209.9,14108,5686
852,209.4,12161,87
853,209.4,12490,110
854,208.5,13037,8549
855,208.4,10524,4402
856,208.3,12580,4539
857,207.9,10170,2
858,207.7,10171,1
859,207.5,10576,4842
860,206.5,12849,564
861,205.9,11959,877
862,205.1,14174,5683
863,204.6,12443,3710
864,202.8,12487,3243
865,202.7,12513,596
866,202.3,12534,17846
867,200.9,13674,118
868,200.3,12015,2789
869,199.6,12095,12166
870,198.5,13638,260
871,198,14522,9288
872,197.8,13678,163
873,197.4,13082,4735
874,195.6,12186,6266
875,195.3,12475,240
876,194.7,12828,9291
877,194.6,13153,174
878,194.1,12575,1970
879,194.1,12566,10596
880,193.7,12491,1799
881,192.7,12583,2524
882,191.4,14170,2370
883,191.3,12977,1733
884,190.7,12789,1855
885,188.8,14472,8308
886,188.7,12531,3492
887,188.4,12775,2180
888,187.4,14555,1182
889,186.7,14136,5109
890,185.4,12701,10917
891,184.6,12419,446
892,184.3,14892,8000
893,182.3,12863,655
894,180.2,12585,901
895,179.4,14414,7062
896,175.7,13795,3638
897,175.6,13117,143
898,175.4,13662,16692
899,175.3,12564,7224
900,174.8,12140,1461
901,174.6,12184,6851
902,174,12571,10191
903,173.6,12414,10463
904,173,12974,1393
905,173,12018,7919
906,172.7,14589,7573
907,172.1,14870,10647
908,172,10986,1887
909,171.9,12572,8859
910,171.8,13036,8465
911,171.2,10914,421
912,170.9,14057,8241
913,169.4,12594,4180
914,168.6,14716,3100
915,168.1,13148,10647
916,167.5,12451,1986
917,166.2,13346,6457
918,165.8,14487,5539
919,165.8,10516,5327
920,163.2,14432,6304
921,162.9,12106,2380
922,162.1,13032,13230
923,161.8,13612,2904
924,161.2,14511,379
925,160.8,12413,2645
926,160,13076,2451
927,160,12123,5293
928,159.8,13165,10919
929,158.9,12170,4894
930,158.4,11976,2301
931,158.2,12530,55
932,158.1,13669,16436
933,156.6,13641,49
934,155.9,14733,4352
935,155.5,13314,606
936,155.4,14428,8003
937,153.7,13060,2461
938,153.3,13845,60
939,151.9,13655,3414
940,151.4,12489,943
941,151.3,13456,4246
942,150,12578,2372
943,149.1,12025,5471
944,148.8,14011,9957
945,148.8,14475,227
946,148.3,10969,1665
947,148.1,14001,9790
948,143.7,14025,3210
949,143.6,10998,2699
950,142.3,12037,4416
951,141.7,13132,3420
952,141,14808,475
953,141,14482,8265
954,140.7,10931,908
955,140.5,14546,4843
956,139.9,12871,4282
957,139.7,14865,2787
958,139.5,12787,490
959,138.4,14135,143
960,138.4,12962,6009
961,138.4,12516,2168
962,137.2,13476,2931
963,137,12956,1260
964,136.9,12009,7264
965,136.6,12522,5159
966,135.4,12043,8396
967,134.9,14548,4056
968,134.6,12420,569
969,134.4,12742,290
970,134.2,12864,28
971,133.8,13340,7788
972,133.7,13166,5565
973,133.4,14712,3483
974,133.4,14103,10728
975,132.3,12507,200
976,131.3,14707,261
977,131.2,14478,1535
978,130.8,14134,111
979,130.8,13080,3997
980,130.2,14485,4609
981,130.1,14033,2252
982,129.9,14551,5693
983,129.7,12070,1607
984,129.3,14843,13052
985,128.9,13815,13896
986,128.8,14744,2265
987,128.1,13053,4283
988,127.6,14411,14493
989,127.3,10958,2929
990,127.2,14041,295
991,127.2,14505,5050
992,126.4,12132,235
993,126.4,13152,8178
994,126.2,12433,493
995,126,13827,11649
996,125.9,13120,2162
997,125.9,12035,798
998,125.4,12056,2319
999,125.2,11939,932
1000,124.7,14034,3205
1001,124.3,14543,3174
1002,123.6,14470,7930
1003,123,12428,6709
1004,122.2,13490,1446
1005,121.7,12788,2885
1006,121.6,12514,3273
1007,121.4,12192,2089
1008,121.1,12484,2884
1009,121.1,13623,48
1010,120.8,13834,47
1011,120.8,12525,2882
1012,120.6,14545,173
1013,120.5,12978,315
1014,120.1,13833,4309
1015,119.5,12747,1722
1016,119.5,12745,192
1017,118.5,13073,6520
1018,118.2,12838,601
1019,118.2,14882,3939
1020,117.7,14070,6050
1021,116.9,12526,3763
1022,116.3,14172,3104
1023,116.1,12833,4111
1024,116,14894,1311
1025,114.8,12483,385
1026,114.4,12438,55
1027,114.1,14816,442
1028,113.7,13145,1909
1029,113.6,12749,337
1030,112.4,12176,385
1031,112.3,14131,4828
1032,111.9,13637,3945
1033,111.9,13363,2375
1034,111.5,13794,80
1035,111.3,13035,8543
1036,110.8,13744,1284
1037,110.7,13068,5697
1038,110.3,13777,664
1039,110.3,10953,123
1040,110,14067,5456
1041,109.3,14787,5030
1042,109.1,12845,4864
1043,108.7,14141,7684
1044,108.5,14530,5392
1045,108.3,12090,6175
1046,107.3,12859,2368
1047,107.1,14466,1844
1048,107,13634,4879
1049,106.8,12404,3835
1050,106.7,14489,7261
1051,106.3,13114,6761
1052,105.9,13774,317
1053,105.7,14769,964
1054,105,14125,3765
1055,104.8,13074,4467
1056,103.9,13676,16728
1057,103.4,11964,2048
1058,103.3,14532,4235
1059,102.7,14810,12444
1060,102.6,13685,2306
1061,101.9,13112,2200
1062,101.8,13160,2167
1063,101.6,13408,3834
1064,101.3,14028,1423
1065,101.3,12458,3281
1066,101,12040,132
1067,101,14872,650
1068,100.9,12790,4671
1069,100.5,12173,1731
1070,100.3,13607,1810
1071,100,13084,4303
1072,98.5,12975,281
1073,98.4,14469,6500
1074,98.4,12738,650
1075,98.4,12791,646
1076,97.8,12157,4272
1077,97,10110,1
1078,96.9,13776,551
1079,96.9,14471,2628
1080,96.8,12729,2183
1081,96.8,11954,3471
1082,96.7,12485,822
1083,96.6,14416,3606
1084,96.6,13619,10706
1085,96.4,14871,5561
1086,96.3,13407,5280
1087,96.2,13428,1530
1088,96.1,11932,1008
1089,95.4,12068,3006
1090,95.4,14111,3456
1091,95.3,14527,12923
1092,95.2,14423,4828
1093,94.9,12746,1376
1094,94.8,14770,2836
1095,94.7,13861,419
1096,94.6,12412,574
1097,94.2,14036,5119
1098,94.1,13110,2313
1099,94,13077,6673
1100,93.8,14541,4634
1101,93.5,12822,6287
1102,93,14886,7236
1103,92.7,12463,1006
1104,91.9,13425,2348
1105,91.8,13668,3484
1106,91.1,14437,11314
1107,90.8,13304,1600
1108,90.8,12473,1363
1109,90.5,13802,912
1110,90.2,12024,94
1111,90.2,11930,1565
1112,89.8,14476,2229
1113,89.7,14105,4247
1114,89.5,12195,175
1115,89.2,13636,286
1116,89.2,11958,366
1117,89.1,13167,3056
1118,89,14891,4655
1119,89,13477,1802
1120,88.8,11975,359
1121,88.7,12185,2180
1122,88.6,12481,1119
1123,88.6,14864,1107
1124,88.5,12094,2550
1125,88.4,12792,300
1126,88,14030,1767
1127,87.9,13606,3101
1128,87.8,14081,3167
1129,87.7,12501,2710
1130,87.7,12780,2152
1131,87.7,13624,5636
1132,87.6,14517,2989
1133,87.3,12461,2088
1134,87.3,13617,11243
1135,86.6,12545,4764
1136,86.5,14069,738
1137,86.4,12431,1338
1138,86.1,14895,9802
1139,85.4,14867,5738
1140,85.3,12440,2008
1141,84.9,14139,2028
1142,84.6,10987,3279
1143,84.5,14550,1764
1144,84.4,14080,4467
1145,83.9,13806,260
1146,83.8,13044,2352
1147,83.7,13328,1328
1148,83.4,12083,3639
1149,82.6,12748,1825
1150,82.6,13042,2799
1151,82.4,14042,3783
1152,82.4,12765,1033
1153,82,12465,238
1154,81.8,13142,6141
1155,81.8,12832,6624
1156,81.2,12058,1586
1157,81.1,12781,346
1158,81.1,13317,3787
1159,81,14569,6216
1160,80.8,12823,351
1161,80.8,13140,4353
1162,80.6,14516,2429
1163,80.4,13404,237
1164,80.4,14040,2365
1165,80.1,12752,150
1166,79.9,12423,1016
1167,79.8,12125,1434
1168,79.5,14544,2247
1169,79.4,14477,2089
1170,79.2,14706,6294
1171,79,12075,3120
1172,79,14435,2894
1173,78.5,13746,2216
1174,78.5,14481,1865
1175,78.1,12523,1725
1176,78,12074,2849
1177,78,12137,1901
1178,78,13751,156
1179,77.8,12405,558
1180,77.8,13123,184
1181,77.4,12972,6448
1182,77.2,13862,4531
1183,76.8,13478,2750
1184,76.5,13028,1452
1185,76.1,13034,1857
1186,76.1,14757,3520
1187,75.7,13409,2611
1188,75.7,14590,5199
1189,75.6,13308,2973
1190,75.3,13322,919
1191,75.3,14012,2515
1192,75.3,12844,206
1193,75.2,12117,3426
1194,75,12919,2903
1195,74.5,12961,298
1196,74.4,14009,5532
1197,74.2,14143,1076
1198,73.8,12121,1739
1199,73.7,12992,4697
1200,73.7,12053,4605
1201,73.5,13734,2703
1202,73,12953,15679
1203,73,13675,89
1204,72.9,14521,2755
1205,72.4,13310,555
1206,72.1,12719,1275
1207,71.8,13329,3837
1208,71.8,12067,1551
1209,71.7,14427,2202
1210,71.7,14874,166
1211,71.3,14422,2432
1212,71.2,12834,6243
1213,70.7,13812,2299
1214,70.6,12783,2425
1215,70.1,6390,296
1216,69.8,12921,2328
1217,69.8,13651,185
1218,69.7,14572,5228
1219,69.4,13156,2162
1220,69.4,14710,3359
1221,69.4,13131,3682
1222,69.1,13694,1581
1223,69,12154,2961
1224,69,12837,1032
1225,68.9,13054,1536
1226,68.7,14837,5569
1227,68.1,12816,4329
1228,68,12446,4633
1229,67.7,13101,2648
1230,67.5,13159,5357
1231,67.3,13365,9134
1232,67.3,12887,5695
1233,67.1,14510,4700
1234,66.9,14098,3079
1235,66.8,11965,621
1236,66.7,12809,3461
1237,66.6,14869,1343
1238,66.5,13811,4228
1239,66,11931,36
1240,65.8,12850,3137
1241,65.7,14718,2195
1242,65.5,13143,2870
1243,65,12723,2090
1244,64.8,14715,2816
1245,64.5,13743,3794
1246,64.2,13730,3185
1247,64.2,12546,2960
1248,63.9,13026,1799
1249,63.8,13673,2228
1250,63.7,12059,1698
1251,63.6,12156,955
1252,63.4,13480,3419
1253,63.4,13033,3939
1254,63.3,12824,991
1255,63.2,13354,3294
1256,63.2,12592,1196
1257,63.1,13797,2109
1258,63,12567,2928
1259,62.9,11962,452
1260,62.4,12785,1095
1261,62.3,12885,4595
1262,62.2,13339,6784
1263,62.1,13825,3522
1264,62,14433,4121
1265,61.9,14561,3209
1266,61.8,13402,1576
1267,61.4,13406,674
1268,61.3,12883,5020
1269,61.2,13118,6288
1270,61.2,12066,2120
1271,60.8,13778,5922
1272,60.7,13122,1136
1273,60.7,14525,2772
1274,60.6,14005,2032
1275,60.6,12429,128
1276,60.6,12057,2130
1277,60.5,13753,5710
1278,60.5,14860,1270
1279,60.4,13796,1357
1280,60.3,14732,135
1281,60.3,13605,4907
1282,60.3,13667,3017
1283,60.2,13452,4645
1284,60.2,12517,631
1285,60.2,12918,2389
1286,59.9,12766,482
1287,59.7,14825,1007
1288,59.6,14838,2160
1289,59.5,14571,1123
1290,59.2,12160,1058
1291,59.1,13841,730
1292,58.8,13460,4213
1293,58.5,14847,2282
1294,58.4,12092,884
1295,58.4,13733,5332
1296,58.3,12115,304
1297,58.2,12165,188
1298,58.2,13849,3893
1299,58.2,14779,6629
1300,57.8,12762,395
1301,57.7,13326,5545
1302,57.4,14740,1496
1303,57.4,12062,1677
1304,57.1,13865,6373
1305,56.8,14533,1826
1306,56.7,13809,1706
1307,56.5,13345,280
1308,56,13111,1496
1309,55.8,14883,4056
1310,55.7,12167,2561
1311,55.6,13842,702
1312,55.4,12846,3289
1313,55.4,12072,2697
1314,55.4,12168,1937
1315,55.3,13787,3543
1316,55.1,14738,3641
1317,55.1,14772,4087
1318,54.9,14058,2190
1319,54.7,12470,537
1320,54.6,10975,328
1321,54.6,12939,227
1322,54.6,14821,2967
1323,54.5,13063,1901
1324,54.5,10985,14
1325,54.3,12029,1105
1326,54.2,13332,2672
1327,54.1,12737,2062
1328,54.1,14145,1522
1329,53.9,14726,2193
1330,53.7,13431,1995
1331,53.6,12916,2225
1332,53.6,13826,58
1333,53.4,12811,92
1334,53.3,12865,3876
1335,53.3,13642,9849
1336,53.3,12957,1702
1337,53.3,14817,2151
1338,53.2,12457,743
1339,52.7,12734,728
1340,52.7,14840,3110
1341,52.6,12937,1723
1342,52,13092,2527
1343,51.8,14747,2261
1344,51.7,14801,5638
1345,51.7,13491,3741
1346,51.6,13863,793
1347,51.3,12770,245
1348,51.3,14879,2231
1349,51.3,12149,2415
1350,51.2,14008,1295
1351,50.7,14091,1078
1352,50.5,13334,1498
1353,50.5,14101,2171
1354,50.3,13807,1217
1355,50.2,13411,3453
1356,50,13622,2980
1357,50,12860,815
1358,49.6,13780,1111
1359,49.6,14462,594
1360,49.5,12116,1949
1361,49.4,12958,1843
1362,49.4,14037,855
1363,49.1,12763,709
1364,49,14711,1976
1365,48.8,12193,1915
1366,48.8,14065,1825
1367,48.7,14782,2680
1368,48.7,12724,368
1369,48.3,13468,475
1370,48.3,14842,808
1371,47.8,14054,1189
1372,47.7,12944,4386
1373,47.6,14486,268
1374,47.5,14138,2250
1375,47.5,12965,454
1376,47.4,12581,1936
1377,47.1,14727,5161
1378,47.1,12052,1477
1379,47.1,12767,140
1380,47,14858,1713
1381,47,13144,1839
1382,46.9,12960,1443
1383,46.9,13318,1190
1384,46.9,14167,1765
1385,46.8,13141,616
1386,46.6,14815,870
1387,46.6,14823,3617
1388,46.6,14560,1860
1389,46.4,12409,673
1390,46.4,14512,4765
1391,46.4,14841,909
1392,46.1,13803,4153
1393,46,14039,86
1394,46,14129,1436
1395,46,13614,412
1396,45.9,14736,240
1397,45.6,14062,3311
1398,45.6,13416,2385
1399,45.3,12493,313
1400,45.1,14055,1461
1401,45.1,13830,5020
1402,45.1,13433,2000
1403,45,13620,2101
1404,44.8,12028,1024
1405,44.5,14549,5
1406,44.4,12087,886
1407,44.3,12046,772
1408,44.3,12521,1470
1409,44.2,13061,1193
1410,43.9,13754,3561
1411,43.8,12726,1312
1412,43.7,13450,104
1413,43.6,12913,1280
1414,43.5,14743,1890
1415,43.4,14812,3369
1416,43.4,13438,3821
1417,43.4,14748,793
1418,43.2,12153,786
1419,43.2,13335,1650
1420,43.2,14809,2413
1421,43.2,12448,514
1422,43.1,13804,657
1423,42.9,14777,656
1424,42.8,14818,1598
1425,42.6,13786,664
1426,42.5,13654,3000
1427,42.4,14013,1732
1428,42.3,12817,2358
1429,42.2,13439,3655
1430,42.2,13418,220
1431,42,14415,61
1432,42,14813,2559
1433,41.3,14755,3120
1434,41.3,12503,874
1435,41.1,13864,1096
1436,41,13316,6655
1437,40.7,12924,114
1438,40.7,14807,2764
1439,40.7,12407,137
1440,40.6,13309,5940
1441,40.6,14775,2284
1442,40.5,13459,2069
1443,40.3,12122,4372
1444,40.3,12926,1954
1445,40.3,12138,3247
1446,39.8,12120,700
1447,39.8,13071,989
1448,39.6,12959,1532
1449,39.4,14507,1292
1450,39.3,12987,244
1451,39.2,14171,2005
1452,39,13691,2948
1453,38.9,12966,3352
1454,38.6,12439,303
1455,38.4,14591,1552
1456,38.4,12946,5124
1457,38.3,14873,2832
1458,38.2,12060,1324
1459,38.2,13147,1372
1460,38.2,14803,956
1461,38,12197,2560
1462,37.8,14861,1305
1463,37.7,14767,2021
1464,37.6,12529,2515
1465,37.5,14836,1127
1466,37.5,12941,1530
1467,37.5,12136,682
1468,37.4,13608,1502
1469,37.2,13364,110
1470,37.2,13660,2019
1471,37.2,13146,2036
1472,37.1,13736,2252
1473,37.1,14826,2264
1474,36.9,13808,1362
1475,36.9,14719,3501
1476,36.8,13843,2007
1477,36.8,12996,1905
1478,36.8,14878,590
1479,36.7,13680,1301
1480,36.7,13081,1062
1481,36.7,14418,1371
1482,36.6,12023,2120
1483,36.5,13471,3442
1484,36.4,14113,620
1485,36.3,12741,304
1486,36.3,12434,515
1487,36.3,12042,158
1488,36.2,12778,211
1489,36.2,10020,1
1490,36.2,12967,1361
1491,36.1,14737,3997
1492,36.1,12169,346
1493,36.1,14897,921
1494,36,14741,2218
1495,35.7,14855,1002
1496,35.4,14889,1594
1497,35.3,13052,1745
1498,35.3,12494,662
1499,35.2,13844,847
1500,35.1,12031,114
1501,34.9,13484,89
1502,34.7,12175,770
1503,34.6,13856,6570
1504,34.6,14898,2021
1505,34.5,12496,1632
1506,34.4,13775,1841
1507,34.4,12983,7958
1508,34.3,12064,392
1509,34.3,13303,1213
1510,34.1,14739,2699
1511,34.1,13337,634
1512,34,14754,565
1513,33.9,13625,1920
1514,33.9,12155,1934
1515,33.8,13696,63
1516,33.8,13302,1551
1517,33.8,13656,2895
1518,33.8,13618,1795
1519,33.7,13361,955
1520,33.5,12502,1114
1521,33.4,14805,944
1522,33.2,12474,1467
1523,33.2,14724,2486
1524,33.2,13846,271
1525,33.2,13661,1676
1526,33,12736,201
1527,32.9,13650,1433
1528,32.9,13333,56
1529,32.8,12914,1053
1530,32.6,11957,713
1531,32.4,13665,1413
1532,32.3,12436,500
1533,32.2,12814,1477
1534,32.2,12495,294
1535,32.2,12998,391
1536,32.1,13348,1188
1537,32.1,14082,322
1538,32,13343,1830
1539,32,14709,1617
1540,31.7,13750,858
1541,31.5,14735,2627
1542,31.4,13835,1326
1543,31.4,13155,643
1544,31.3,14542,58
1545,31.3,12910,2046
1546,31.2,14806,2149
1547,30.9,14536,568
1548,30.5,13697,2009
1549,30.5,12732,787
1550,30.4,13839,1214
1551,30.4,12147,603
1552,30.3,13483,212
1553,30,14781,2181
1554,30,14731,1374
1555,29.9,12920,2813
1556,29.8,14728,801
1557,29.8,12166,1314
1558,29.7,14804,1662
1559,29.7,14060,531
1560,29.7,12827,3705
1561,29.5,12418,408
1562,29.5,13788,1042
1563,29.4,13757,1098
1564,29.4,12758,4529
1565,29.4,13315,1450
1566,29.3,13083,1704
1567,29.1,12022,944
1568,28.8,14824,654
1569,28.6,12743,252
1570,28.5,13682,896
1571,28.5,14822,1415
1572,28.5,13464,1093
1573,28.4,13613,2385
1574,28.3,14066,1149
1575,28.3,12873,598
1576,28,13368,1307
1577,27.8,12917,1198
1578,27.7,13652,1864
1579,27.6,12071,255
1580,27.6,12452,237
1581,27.5,13355,802
1582,27.5,13810,1104
1583,27.4,12093,1812
1584,27.3,12435,274
1585,27.2,12036,202
1586,27.2,13301,71
1587,27.2,13630,1318
1588,27.2,12007,33
1589,26.9,12459,205
1590,26.8,13679,1810
1591,26.8,13320,2064
1592,26.7,14024,1700
1593,26.7,12815,1056
1594,26.6,14723,1149
1595,26.5,12442,881
1596,26.4,12750,118
1597,26.2,12764,1607
1598,26.2,14784,766
1599,26.1,12454,292
1600,26,12430,1034
1601,26,13493,2034
1602,25.7,13040,2482
1603,25.6,14859,800
1604,25.4,14714,464
1605,25.4,12455,1978
1606,25.4,13693,534
1607,25.1,13658,1979
1608,25,14708,264
1609,24.9,12444,386
1610,24.9,13136,464
1611,24.8,12740,1867
1612,24.7,12986,6176
1613,24.6,12468,1077
1614,24.5,12981,2612
1615,24.2,13832,673
1616,24.1,12930,875
1617,24.1,12928,1843
1618,24.1,13681,823
1619,24,14729,853
1620,23.9,12422,244
1621,23.7,12835,2353
1622,23.7,12985,1315
1623,23.5,13342,188
1624,23.5,13158,1676
1625,23.2,13124,109
1626,23.2,11430,171
1627,23.1,14880,1272
1628,22.8,13646,2681
1629,22.8,13640,288
1630,22.8,14846,785
1631,22.7,12187,522
1632,22.6,13739,911
1633,22.5,12784,51
1634,22.4,13485,994
1635,22.4,12993,1619
1636,22.1,13813,629
1637,21.8,14717,602
1638,21.8,12464,963
1639,21.6,13626,2147
1640,21.4,12768,758
1641,21.3,14820,655
1642,21,12932,1357
1643,21,13755,1287
1644,21,12421,411
1645,20.9,14885,880
1646,20.9,12861,698
1647,20.9,12912,1982
1648,20.9,14721,78
1649,20.8,12469,707
1650,20.7,13415,41
1651,20.6,12076,1582
1652,20.2,12950,956
1653,20.1,13494,361
1654,20,13621,561
1655,19.8,12997,1296
1656,19.8,13064,26
1657,19.3,14753,1065
1658,19.1,12776,2123
1659,19.1,12134,3736
1660,18.8,13324,2331
1661,18.7,14819,773
1662,18.5,13860,17
1663,18.4,13783,2199
1664,18.2,13367,8565
1665,18.1,12934,1066
1666,18,12970,972
1667,17.8,13690,935
1668,17.7,13072,832
1669,17.5,12480,594
1670,17.5,13472,260
1671,17,13633,352
1672,16.9,13801,1169
1673,16.9,14839,744
1674,16.9,12410,696
1675,16.8,12406,729
1676,16.8,12886,244
1677,16.7,12936,517
1678,16.7,13488,70
1679,16.6,13486,547
1680,16.6,12769,82
1681,16.6,12017,332
1682,16.6,13782,611
1683,16.5,12808,414
1684,16.4,12786,292
1685,16.4,12935,1676
1686,15.9,13454,688
1687,15.3,12853,1351
1688,15.3,12131,114
1689,15.1,12427,620
1690,15.1,12836,670
1691,14.9,12942,791
1692,14.7,13635,831
1693,14.6,13847,48
1694,14.6,13752,729
1695,14.5,13327,1973
1696,14,12720,187
1697,14,12777,757
1698,13.9,12952,402
1699,13.8,13489,598
1700,13.8,13473,639
1701,13.8,12424,246
1702,13.4,12955,465
1703,12.3,12857,533
1704,12.2,12416,62
1705,12.2,13325,942
1706,12.1,12923,635
1707,12,13740,475
1708,11.8,12760,505
1709,11.8,12945,476
1710,11.5,13731,1066
1711,11.3,10910,24
1712,11.2,14783,350
1713,11.1,13648,2094
1714,10.8,14877,460
1715,10.7,12819,316
1716,10.7,13756,498
1717,10.1,13639,199
1718,10.1,13470,695
1719,10,12194,155
1720,10,13659,568
1721,9.8,12870,1122
1722,9.7,12810,654
1723,9.6,12878,832
1724,9.5,14884,185
1725,9.1,11973,40
1726,9,12492,348
1727,9,12450,89
1728,9,12032,836
1729,8.6,13441,31
1730,8.5,13666,361
1731,7.5,12164,370
1732,7.4,13360,487
1733,7,13684,1116
1734,6.6,13670,490
1735,6.5,13672,826
1736,6.4,12874,139
1737,6.4,12989,957
1738,6.3,13312,408
1739,6.3,12843,372
1740,5.9,12973,219
1741,5.5,13420,1278
1742,5.4,12441,34
1743,5.2,12841,89
1744,5,12858,56
1745,4.8,12190,856
1746,4.8,12842,956
1747,4.5,13437,435
1748,4.5,13695,78
1749,4.3,12980,1122
1750,4.2,13338,1032
1751,4.1,12976,163
1752,3.9,12969,391
1753,3.9,12852,493
1754,3.8,13687,543
1755,3.2,12964,113
1756,3,12108,445
1757,2.9,12725,194
1758,2,12943,207
1759,2,12862,5
1760,2,12812,130
1761,1.9,12851,221
1762,1.9,10911,2
1763,1.8,12927,228
1764,1.7,13331,148
1765,1.3,13436,64
1766,1,12856,66
1767,0.9,12855,172
1768,0.9,12139,226
1769,0.9,12847,418
1770,0.8,12922,36
1771,0.2,13353,31
